﻿designator,quantity,value,pack,mpn,mount_type
"C1, C4",2,10uF,C_0805_2012Metric_Pad1.18x1.45mm_HandSolder,,smt
"C10, C11, C12, C3, C5, C6, C7, C8, C9",9,100nF,C_0805_2012Metric_Pad1.18x1.45mm_HandSolder,,smt
C2,1,22uF,C_0805_2012Metric_Pad1.18x1.45mm_HandSolder,,smt
D1,1,LED,LED_0603_1608Metric_Pad1.05x0.95mm_HandSolder,,smt
"D2, D3, D4, D5, D6, D7",6,SK6812SIDE-A,SK6812-SIDE-A,,tht
J1,1,USB_C_Receptacle_USB2.0_14P,USB_C_Receptacle_G-Switch_GT-USB-7010ASV,,smt
"J2, J3",2,A3144,JST_GH_SM03B-GHS-TB_1x03-1MP_P1.25mm_Horizontal,,smt
J4,1,Conn_01x07,TE_0-1734839-8_1x08-1MP_P0.5mm_Horizontal,,smt
"J5, J6",2,Conn_01x10,PinSocket_1x10_P2.54mm_Vertical,,tht
J7,1,Conn_01x02,PinHeader_1x02_P2.54mm_Vertical,,tht
JP1,1,Power_Led_Jumper,SolderJumper-2_P1.3mm_Bridged_RoundedPad1.0x1.5mm,,tht
Q1,1,TEMT6000,TEMT6000,,tht
"R1, R2, R4",3,5.1k,R_0805_2012Metric_Pad1.20x1.40mm_HandSolder,,smt
R5,1,4.7k,R_0805_2012Metric_Pad1.20x1.40mm_HandSolder,,smt
"R6, R7, R8",3,10k,R_0805_2012Metric_Pad1.20x1.40mm_HandSolder,,smt
SW1,1,RESET,SW_SPST_FSMSM,,smt
SW2,1,BOOT,SW_SPST_FSMSM,,smt
SW3,1,PRESS_PUSH,SW_PUSH-12mm,,tht
U1,1,ESP32-S3-WROOM-1,ESP32-S3-WROOM-1,,smt
U2,1,AMS1117-3.3,SOT-223-3_TabPin2,,smt
U3,1,USBLC6-2SC6,SOT-23-6,,smt
U4,1,DS18B20,TO-92_Inline,,tht
U5,1,SN74LVC1T45DBV,SOT-23-6_Handsoldering,,smt
