﻿pos_x,pos_y,rotation,side,designator,mpn,pack,value,mount_type,place
131.699,-146.431,-90.0,top,C1,,C_0805_2012Metric_Pad1.18x1.45mm_HandSolder,10uF,smt,True
160.004,-102.4,0.0,top,C10,,C_0805_2012Metric_Pad1.18x1.45mm_HandSolder,100nF,smt,True
160.004,-105.41,0.0,top,C11,,C_0805_2012Metric_Pad1.18x1.45mm_HandSolder,100nF,smt,True
160.004,-108.42,0.0,top,C12,,C_0805_2012Metric_Pad1.18x1.45mm_HandSolder,100nF,smt,True
143.002,-146.431,-90.0,top,C2,,C_0805_2012Metric_Pad1.18x1.45mm_HandSolder,22uF,smt,True
105.6425,-143.51,0.0,top,C3,,C_0805_2012Metric_Pad1.18x1.45mm_HandSolder,100nF,smt,True
105.6425,-146.52,0.0,top,C4,,C_0805_2012Metric_Pad1.18x1.45mm_HandSolder,10uF,smt,True
158.369,-126.365,-90.0,top,C5,,C_0805_2012Metric_Pad1.18x1.45mm_HandSolder,100nF,smt,True
157.861,-139.192,-90.0,top,C6,,C_0805_2012Metric_Pad1.18x1.45mm_HandSolder,100nF,smt,True
155.194,-105.41,0.0,top,C7,,C_0805_2012Metric_Pad1.18x1.45mm_HandSolder,100nF,smt,True
155.194,-108.42,0.0,top,C8,,C_0805_2012Metric_Pad1.18x1.45mm_HandSolder,100nF,smt,True
160.004,-99.39,0.0,top,C9,,C_0805_2012Metric_Pad1.18x1.45mm_HandSolder,100nF,smt,True
149.987,-146.431,-90.0,top,D1,,LED_0603_1608Metric_Pad1.05x0.95mm_HandSolder,LED,smt,True
149.904,-92.964,180.0,top,D2,,SK6812-SIDE-A,SK6812SIDE-A,tht,True
149.86,-98.298,180.0,top,D3,,SK6812-SIDE-A,SK6812SIDE-A,tht,True
149.882,-103.778,180.0,top,D4,,SK6812-SIDE-A,SK6812SIDE-A,tht,True
149.882,-108.858,180.0,top,D5,,SK6812-SIDE-A,SK6812SIDE-A,tht,True
149.882,-113.792,180.0,top,D6,,SK6812-SIDE-A,SK6812SIDE-A,tht,True
149.86,-119.634,180.0,top,D7,,SK6812-SIDE-A,SK6812SIDE-A,tht,True
121.158,-149.479,0.0,top,J1,,USB_C_Receptacle_G-Switch_GT-USB-7010ASV,USB_C_Receptacle_USB2.0_14P,smt,True
134.62,-125.095,180.0,top,J2,,JST_GH_SM03B-GHS-TB_1x03-1MP_P1.25mm_Horizontal,A3144,smt,True
125.73,-125.095,180.0,top,J3,,JST_GH_SM03B-GHS-TB_1x03-1MP_P1.25mm_Horizontal,A3144,smt,True
96.885,-97.525,90.0,top,J4,,TE_0-1734839-8_1x08-1MP_P0.5mm_Horizontal,Conn_01x07,smt,True
78.867,-66.04,0.0,top,J5,,PinSocket_1x10_P2.54mm_Vertical,Conn_01x10,tht,True
162.56,-65.913,0.0,top,J6,,PinSocket_1x10_P2.54mm_Vertical,Conn_01x10,tht,True
78.74,-93.98,0.0,top,J7,,PinHeader_1x02_P2.54mm_Vertical,Conn_01x02,tht,True
153.401,-145.542,180.0,top,JP1,,SolderJumper-2_P1.3mm_Bridged_RoundedPad1.0x1.5mm,Power_Led_Jumper,tht,True
123.83897,-66.82867,90.0,top,Q1,,TEMT6000,TEMT6000,tht,True
127.508,-138.049,0.0,top,R1,,R_0805_2012Metric_Pad1.20x1.40mm_HandSolder,5.1k,smt,True
127.508,-140.999,0.0,top,R2,,R_0805_2012Metric_Pad1.20x1.40mm_HandSolder,5.1k,smt,True
146.685,-146.431,-90.0,top,R4,,R_0805_2012Metric_Pad1.20x1.40mm_HandSolder,5.1k,smt,True
101.6,-73.66,180.0,top,R5,,R_0805_2012Metric_Pad1.20x1.40mm_HandSolder,4.7k,smt,True
134.62,-130.175,180.0,top,R6,,R_0805_2012Metric_Pad1.20x1.40mm_HandSolder,10k,smt,True
125.73,-130.175,180.0,top,R7,,R_0805_2012Metric_Pad1.20x1.40mm_HandSolder,10k,smt,True
121.92,-69.85,0.0,top,R8,,R_0805_2012Metric_Pad1.20x1.40mm_HandSolder,10k,smt,True
162.179,-126.365,90.0,top,SW1,,SW_SPST_FSMSM,RESET,smt,True
162.179,-139.065,90.0,top,SW2,,SW_SPST_FSMSM,BOOT,smt,True
115.934,-100.116,0.0,top,SW3,,SW_PUSH-12mm,PRESS_PUSH,tht,True
90.551,-135.68,180.0,top,U1,,ESP32-S3-WROOM-1,ESP32-S3-WROOM-1,smt,True
137.414,-146.431,-90.0,top,U2,,SOT-223-3_TabPin2,AMS1117-3.3,smt,True
121.158,-138.938,0.0,top,U3,,SOT-23-6,USBLC6-2SC6,smt,True
100.33,-68.58,0.0,top,U4,,TO-92_Inline,DS18B20,tht,True
148.6525,-125.4135,90.0,top,U5,,SOT-23-6_Handsoldering,SN74LVC1T45DBV,smt,True
